DateTime,Buyopen,Buyhigh,Buylow,Buyclose
2016-12-26 18:00:00,1.04526,1.04544,1.04521,1.04536
2016-12-26 18:05:00,1.04536,1.04552,1.04527,1.04541
2016-12-26 18:10:00,1.04542,1.04545,1.04515,1.04515
2016-12-26 18:15:00,1.04515,1.0455,1.04515,1.04525
2016-12-26 18:20:00,1.04525,1.04565,1.04515,1.04541
2016-12-26 18:25:00,1.04537,1.04561,1.04536,1.04536
2016-12-26 18:30:00,1.04534,1.04543,1.04504,1.04506
2016-12-26 18:35:00,1.04505,1.04513,1.04497,1.04512
2016-12-26 18:40:00,1.04513,1.04514,1.04507,1.04513
2016-12-26 18:45:00,1.04514,1.04531,1.04511,1.04523
2016-12-26 18:50:00,1.04516,1.04533,1.04512,1.04524
2016-12-26 18:55:00,1.04526,1.04543,1.0452,1.04535
2016-12-26 19:00:00,1.04537,1.04551,1.04513,1.04532
2016-12-26 19:05:00,1.04531,1.04531,1.04486,1.04489
2016-12-26 19:10:00,1.04491,1.04504,1.04488,1.04501
2016-12-26 19:15:00,1.04501,1.04502,1.04491,1.04501
2016-12-26 19:20:00,1.04501,1.04516,1.04497,1.04516
2016-12-26 19:25:00,1.04517,1.04522,1.04497,1.04519
2016-12-26 19:30:00,1.0452,1.04529,1.04517,1.04517
2016-12-26 19:35:00,1.04516,1.04524,1.04503,1.04508
2016-12-26 19:40:00,1.0451,1.04511,1.04484,1.04484
2016-12-26 19:45:00,1.04485,1.04514,1.0447,1.04499
2016-12-26 19:50:00,1.04496,1.04532,1.04484,1.04484
2016-12-26 19:55:00,1.04474,1.04486,1.0445,1.04454
2016-12-26 20:00:00,1.04454,1.04476,1.04454,1.04465
2016-12-26 20:05:00,1.04465,1.04485,1.04458,1.0448
2016-12-26 20:10:00,1.04481,1.04515,1.04467,1.04486
2016-12-26 20:15:00,1.04485,1.04486,1.044,1.04409
2016-12-26 20:20:00,1.04409,1.04421,1.04399,1.044
2016-12-26 20:25:00,1.04399,1.04427,1.04388,1.04423
2016-12-26 20:30:00,1.04428,1.04442,1.04375,1.04386
2016-12-26 20:35:00,1.04387,1.04408,1.04366,1.04403
2016-12-26 20:40:00,1.04412,1.04434,1.04407,1.04415
2016-12-26 20:45:00,1.04414,1.04431,1.04409,1.04424
2016-12-26 20:50:00,1.04423,1.04432,1.0439,1.04396
2016-12-26 20:55:00,1.04396,1.04401,1.04322,1.04339
2016-12-26 21:00:00,1.0434,1.04353,1.0433,1.04343
2016-12-26 21:05:00,1.04344,1.04351,1.04334,1.04344
2016-12-26 21:10:00,1.04344,1.04366,1.04333,1.04366
2016-12-26 21:15:00,1.04365,1.04376,1.04347,1.04351
2016-12-26 21:20:00,1.04352,1.04362,1.04324,1.04355
2016-12-26 21:25:00,1.04355,1.0436,1.04338,1.04356
2016-12-26 21:30:00,1.04357,1.0436,1.0434,1.04356
2016-12-26 21:35:00,1.04358,1.04359,1.04345,1.04351
2016-12-26 21:40:00,1.0435,1.04356,1.04342,1.04353
2016-12-26 21:45:00,1.0435,1.04352,1.0434,1.04345
2016-12-26 21:50:00,1.04348,1.04355,1.04331,1.04347
2016-12-26 21:55:00,1.04346,1.04373,1.04336,1.04373
2016-12-26 22:00:00,1.04374,1.04393,1.04373,1.04384
2016-12-26 22:05:00,1.04384,1.04396,1.04371,1.04376
2016-12-26 22:10:00,1.04377,1.04384,1.04349,1.04378
2016-12-26 22:15:00,1.04377,1.04388,1.0434,1.0436
2016-12-26 22:20:00,1.04361,1.04369,1.04344,1.04367
2016-12-26 22:25:00,1.04366,1.04373,1.04357,1.04363
2016-12-26 22:30:00,1.04365,1.04378,1.04354,1.04371
2016-12-26 22:35:00,1.04371,1.04375,1.04361,1.04371
2016-12-26 22:40:00,1.0437,1.0437,1.04353,1.04357
2016-12-26 22:45:00,1.04358,1.04362,1.04354,1.0436
2016-12-26 22:50:00,1.04361,1.04368,1.04336,1.04363
2016-12-26 22:55:00,1.04362,1.04379,1.04355,1.0436
2016-12-26 23:00:00,1.04364,1.04382,1.04362,1.04377
2016-12-26 23:05:00,1.04376,1.04377,1.04343,1.04361
2016-12-26 23:10:00,1.04361,1.04387,1.04359,1.04384
2016-12-26 23:15:00,1.04383,1.04383,1.04361,1.04374
2016-12-26 23:20:00,1.04373,1.04401,1.04371,1.04399
2016-12-26 23:25:00,1.044,1.04403,1.04381,1.04393
2016-12-26 23:30:00,1.04392,1.044,1.04383,1.04385
2016-12-26 23:35:00,1.04386,1.04403,1.04383,1.04399
2016-12-26 23:40:00,1.04402,1.04415,1.04398,1.04412
2016-12-26 23:45:00,1.04413,1.04413,1.04396,1.04399
2016-12-26 23:50:00,1.04398,1.04413,1.04395,1.04413
2016-12-26 23:55:00,1.04413,1.04414,1.04407,1.04407
2016-12-27 00:00:00,1.04409,1.0441,1.04382,1.04392
2016-12-27 00:05:00,1.04391,1.044,1.04383,1.04399
2016-12-27 00:10:00,1.04399,1.04413,1.04396,1.04412
2016-12-27 00:15:00,1.04408,1.04419,1.04395,1.044
2016-12-27 00:20:00,1.04399,1.04399,1.04384,1.04389
2016-12-27 00:25:00,1.0439,1.04402,1.04388,1.04396
2016-12-27 00:30:00,1.04397,1.04402,1.04392,1.04396
2016-12-27 00:35:00,1.04398,1.04402,1.04391,1.04397
2016-12-27 00:40:00,1.04397,1.04399,1.0439,1.04398
2016-12-27 00:45:00,1.04398,1.04408,1.04393,1.04399
2016-12-27 00:50:00,1.04399,1.04413,1.04398,1.04411
2016-12-27 00:55:00,1.04411,1.04454,1.04411,1.04454
2016-12-27 01:00:00,1.04456,1.04456,1.04431,1.04433
2016-12-27 01:05:00,1.04438,1.04477,1.04438,1.04476
2016-12-27 01:10:00,1.04478,1.04483,1.04447,1.04453
2016-12-27 01:15:00,1.04452,1.04472,1.04452,1.04463
2016-12-27 01:20:00,1.04466,1.04467,1.04441,1.04447
2016-12-27 01:25:00,1.04449,1.04472,1.04441,1.04472
2016-12-27 01:30:00,1.04472,1.04484,1.04472,1.04482
2016-12-27 01:35:00,1.04481,1.04493,1.04465,1.04493
2016-12-27 01:40:00,1.04498,1.04507,1.04493,1.04502
2016-12-27 01:45:00,1.04502,1.04502,1.04471,1.04495
2016-12-27 01:50:00,1.04494,1.04494,1.04471,1.04471
2016-12-27 01:55:00,1.0447,1.04496,1.0447,1.04474
2016-12-27 02:00:00,1.04474,1.04493,1.04454,1.04454
2016-12-27 02:05:00,1.04454,1.04455,1.04415,1.04427
2016-12-27 02:10:00,1.04426,1.04446,1.04424,1.04437
2016-12-27 02:15:00,1.04437,1.04442,1.04409,1.04418
2016-12-27 02:20:00,1.04418,1.04437,1.04389,1.04428
2016-12-27 02:25:00,1.0443,1.04432,1.04411,1.04416
2016-12-27 02:30:00,1.04418,1.04444,1.04412,1.04442
2016-12-27 02:35:00,1.04443,1.04453,1.04441,1.04451
2016-12-27 02:40:00,1.04452,1.0446,1.04434,1.04443
2016-12-27 02:45:00,1.04442,1.04516,1.04436,1.0451
2016-12-27 02:50:00,1.04512,1.04527,1.04458,1.0446
2016-12-27 02:55:00,1.04461,1.04473,1.04428,1.0443
2016-12-27 03:00:00,1.04428,1.04471,1.04428,1.04471
2016-12-27 03:05:00,1.04472,1.04505,1.0447,1.04481
2016-12-27 03:10:00,1.0448,1.0448,1.04449,1.04468
2016-12-27 03:15:00,1.04466,1.04492,1.04452,1.04483
2016-12-27 03:20:00,1.04484,1.04493,1.04471,1.04475
2016-12-27 03:25:00,1.04474,1.04502,1.04461,1.04494
2016-12-27 03:30:00,1.04496,1.04512,1.04468,1.04482
2016-12-27 03:35:00,1.04483,1.04512,1.04483,1.04496
2016-12-27 03:40:00,1.04497,1.04521,1.0449,1.04521
2016-12-27 03:45:00,1.04521,1.04531,1.04513,1.0452
2016-12-27 03:50:00,1.04519,1.04534,1.04514,1.04514
2016-12-27 03:55:00,1.04514,1.04526,1.04502,1.04504
2016-12-27 04:00:00,1.04504,1.04512,1.045,1.04509
2016-12-27 04:05:00,1.04508,1.04515,1.04494,1.04514
2016-12-27 04:10:00,1.04515,1.04552,1.04511,1.04545
2016-12-27 04:15:00,1.04546,1.04551,1.04523,1.04527
2016-12-27 04:20:00,1.04527,1.04536,1.04514,1.0453
2016-12-27 04:25:00,1.04529,1.0453,1.04505,1.04514
2016-12-27 04:30:00,1.04513,1.04523,1.04503,1.04516
2016-12-27 04:35:00,1.04516,1.04516,1.04472,1.04475
2016-12-27 04:40:00,1.04476,1.04498,1.04466,1.04488
2016-12-27 04:45:00,1.04487,1.04506,1.0448,1.04487
2016-12-27 04:50:00,1.04488,1.04495,1.04476,1.04485
2016-12-27 04:55:00,1.04483,1.04516,1.04478,1.04506
2016-12-27 05:00:00,1.04505,1.04518,1.04501,1.04501
2016-12-27 05:05:00,1.045,1.04549,1.045,1.04546
2016-12-27 05:10:00,1.04546,1.04547,1.04508,1.04508
2016-12-27 05:15:00,1.04509,1.04544,1.04499,1.045
2016-12-27 05:20:00,1.045,1.04511,1.04479,1.04479
2016-12-27 05:25:00,1.0448,1.04489,1.04463,1.04478
2016-12-27 05:30:00,1.04479,1.04496,1.04479,1.04495
2016-12-27 05:35:00,1.04496,1.04514,1.04479,1.04511
2016-12-27 05:40:00,1.04511,1.04534,1.0451,1.04528
2016-12-27 05:45:00,1.04529,1.04547,1.04517,1.04537
2016-12-27 05:50:00,1.04537,1.04554,1.04513,1.04516
2016-12-27 05:55:00,1.04516,1.04529,1.04503,1.04519
2016-12-27 06:00:00,1.0452,1.04527,1.04498,1.04504
2016-12-27 06:05:00,1.04503,1.04528,1.04501,1.04517
2016-12-27 06:10:00,1.04516,1.04519,1.04489,1.04498
2016-12-27 06:15:00,1.04498,1.04513,1.04495,1.04504
2016-12-27 06:20:00,1.04504,1.04507,1.04494,1.04498
2016-12-27 06:25:00,1.04499,1.04537,1.04494,1.04537
2016-12-27 06:30:00,1.04535,1.0454,1.04503,1.04503
2016-12-27 06:35:00,1.04504,1.04513,1.04498,1.04507
2016-12-27 06:40:00,1.04506,1.04508,1.04493,1.04494
2016-12-27 06:45:00,1.04493,1.04498,1.04487,1.04498
2016-12-27 06:50:00,1.04498,1.04507,1.04477,1.04506
2016-12-27 06:55:00,1.04507,1.0451,1.04487,1.04493
2016-12-27 07:00:00,1.04492,1.04503,1.04464,1.04471
2016-12-27 07:05:00,1.04472,1.04482,1.04465,1.04479
2016-12-27 07:10:00,1.04476,1.04484,1.04456,1.04456
2016-12-27 07:15:00,1.04453,1.04482,1.04452,1.04474
2016-12-27 07:20:00,1.04475,1.04475,1.04413,1.04423
2016-12-27 07:25:00,1.04422,1.04423,1.04405,1.04406
2016-12-27 07:30:00,1.04405,1.0442,1.044,1.04416
2016-12-27 07:35:00,1.04416,1.04434,1.04406,1.04434
2016-12-27 07:40:00,1.04436,1.0444,1.04409,1.04422
2016-12-27 07:45:00,1.04421,1.0443,1.0441,1.04417
2016-12-27 07:50:00,1.04416,1.04436,1.04401,1.04402
2016-12-27 07:55:00,1.04404,1.04432,1.04402,1.04422
2016-12-27 08:00:00,1.04424,1.0443,1.04413,1.04428
2016-12-27 08:05:00,1.04429,1.04447,1.04426,1.04426
2016-12-27 08:10:00,1.04429,1.04456,1.04429,1.04451
2016-12-27 08:15:00,1.04452,1.04467,1.0443,1.04442
2016-12-27 08:20:00,1.04439,1.04466,1.04437,1.04446
2016-12-27 08:25:00,1.04445,1.04453,1.04436,1.04447
2016-12-27 08:30:00,1.04446,1.04448,1.0441,1.04411
2016-12-27 08:35:00,1.04413,1.04445,1.04412,1.04443
2016-12-27 08:40:00,1.04444,1.04466,1.04432,1.04458
2016-12-27 08:45:00,1.04457,1.04467,1.04414,1.04436
2016-12-27 08:50:00,1.04437,1.04453,1.04429,1.0445
2016-12-27 08:55:00,1.04452,1.04452,1.04425,1.04431
2016-12-27 09:00:00,1.0443,1.04503,1.04419,1.04501
2016-12-27 09:05:00,1.04499,1.04503,1.0448,1.04483
2016-12-27 09:10:00,1.04484,1.04485,1.04465,1.0448
2016-12-27 09:15:00,1.04481,1.04507,1.04475,1.04501
2016-12-27 09:20:00,1.04502,1.04513,1.0449,1.04512
2016-12-27 09:25:00,1.04515,1.0452,1.04509,1.04517
2016-12-27 09:30:00,1.04516,1.0454,1.0451,1.04515
2016-12-27 09:35:00,1.04516,1.04531,1.0451,1.04514
2016-12-27 09:40:00,1.04512,1.04526,1.04496,1.04499
2016-12-27 09:45:00,1.04497,1.04505,1.04483,1.04505
2016-12-27 09:50:00,1.04504,1.04515,1.04486,1.04486
2016-12-27 09:55:00,1.04488,1.04519,1.04488,1.04518
2016-12-27 10:00:00,1.04516,1.04536,1.04505,1.04508
2016-12-27 10:05:00,1.04508,1.04547,1.04492,1.04546
2016-12-27 10:10:00,1.04544,1.04545,1.04524,1.04539
2016-12-27 10:15:00,1.0454,1.04545,1.04502,1.0453
2016-12-27 10:20:00,1.04531,1.04546,1.04517,1.04544
2016-12-27 10:25:00,1.04543,1.04566,1.04529,1.04559
2016-12-27 10:30:00,1.04554,1.04598,1.04528,1.04575
2016-12-27 10:35:00,1.04574,1.04576,1.04544,1.0455
2016-12-27 10:40:00,1.04547,1.04599,1.04544,1.04592
2016-12-27 10:45:00,1.04591,1.04595,1.04556,1.04567
2016-12-27 10:50:00,1.04569,1.04579,1.0455,1.04551
2016-12-27 10:55:00,1.0455,1.04584,1.04537,1.04572
2016-12-27 11:00:00,1.04573,1.04592,1.04549,1.04587
2016-12-27 11:05:00,1.04584,1.046,1.04567,1.04589
2016-12-27 11:10:00,1.04587,1.04594,1.04577,1.04583
2016-12-27 11:15:00,1.04582,1.04631,1.04582,1.04622
2016-12-27 11:20:00,1.04624,1.04629,1.04608,1.04623
2016-12-27 11:25:00,1.04621,1.04627,1.04598,1.04613
2016-12-27 11:30:00,1.04614,1.04619,1.04612,1.04617
2016-12-27 11:35:00,1.04615,1.04619,1.04599,1.046
2016-12-27 11:40:00,1.04599,1.04603,1.04587,1.04597
2016-12-27 11:45:00,1.04597,1.04597,1.04582,1.04582
2016-12-27 11:50:00,1.04584,1.04584,1.04571,1.04571
2016-12-27 11:55:00,1.0457,1.04576,1.04565,1.04569
2016-12-27 12:00:00,1.04569,1.04576,1.04566,1.04569
2016-12-27 12:05:00,1.0457,1.04583,1.0457,1.04582
2016-12-27 12:10:00,1.04583,1.04586,1.04564,1.04566
2016-12-27 12:15:00,1.04568,1.04578,1.04562,1.04573
2016-12-27 12:20:00,1.04572,1.04579,1.04566,1.04578
2016-12-27 12:25:00,1.04579,1.04579,1.04558,1.04573
2016-12-27 12:30:00,1.04575,1.04586,1.04569,1.04569
2016-12-27 12:35:00,1.04574,1.04575,1.0455,1.04558
2016-12-27 12:40:00,1.04557,1.04565,1.04556,1.04561
2016-12-27 12:45:00,1.04562,1.04565,1.04548,1.04553
2016-12-27 12:50:00,1.04552,1.04553,1.04538,1.0454
2016-12-27 12:55:00,1.04542,1.0456,1.0453,1.0456
2016-12-27 13:00:00,1.04561,1.04565,1.04528,1.04538
2016-12-27 13:05:00,1.04537,1.04541,1.04521,1.04541
2016-12-27 13:10:00,1.0454,1.04542,1.0451,1.04522
2016-12-27 13:15:00,1.04521,1.04536,1.04521,1.04526
2016-12-27 13:20:00,1.04527,1.04531,1.04519,1.04521
2016-12-27 13:25:00,1.04521,1.04541,1.04513,1.04526
2016-12-27 13:30:00,1.04532,1.04563,1.04527,1.04547
2016-12-27 13:35:00,1.04546,1.04551,1.04521,1.04521
2016-12-27 13:40:00,1.04525,1.04537,1.04518,1.04519
2016-12-27 13:45:00,1.0452,1.04524,1.04512,1.04521
2016-12-27 13:50:00,1.04522,1.04529,1.04519,1.04524
2016-12-27 13:55:00,1.04525,1.04526,1.0452,1.0452
2016-12-27 14:00:00,1.04523,1.04525,1.04519,1.04519
2016-12-27 14:05:00,1.04521,1.04532,1.04519,1.04531
2016-12-27 14:10:00,1.0453,1.04547,1.04529,1.04541
2016-12-27 14:15:00,1.04542,1.04571,1.04527,1.04568
2016-12-27 14:20:00,1.04566,1.0457,1.0456,1.04569
2016-12-27 14:25:00,1.04567,1.04568,1.04551,1.04557
2016-12-27 14:30:00,1.04557,1.04559,1.04547,1.04548
2016-12-27 14:35:00,1.04547,1.04554,1.04546,1.0455
2016-12-27 14:40:00,1.04549,1.04563,1.04545,1.04549
2016-12-27 14:45:00,1.04548,1.04572,1.04547,1.04549
2016-12-27 14:50:00,1.04549,1.04569,1.04541,1.04567
2016-12-27 14:55:00,1.04569,1.04583,1.0456,1.04566
2016-12-27 15:00:00,1.04568,1.04583,1.04557,1.04564
2016-12-27 15:05:00,1.04566,1.04573,1.04552,1.04573
2016-12-27 15:10:00,1.04571,1.04573,1.04552,1.04557
2016-12-27 15:15:00,1.04558,1.0457,1.04541,1.04546
2016-12-27 15:20:00,1.04547,1.04568,1.0454,1.04564
2016-12-27 15:25:00,1.04561,1.04563,1.04547,1.04553
2016-12-27 15:30:00,1.04552,1.0456,1.04543,1.04548
2016-12-27 15:35:00,1.0455,1.04554,1.04541,1.04541
2016-12-27 15:40:00,1.04543,1.04575,1.04543,1.04574
2016-12-27 15:45:00,1.04576,1.0458,1.04571,1.04579
2016-12-27 15:50:00,1.04577,1.04579,1.04554,1.04558
2016-12-27 15:55:00,1.0456,1.0456,1.04545,1.04553
2016-12-27 16:00:00,1.04552,1.04555,1.04548,1.04553
2016-12-27 16:05:00,1.04553,1.04574,1.04553,1.04573
2016-12-27 16:10:00,1.04575,1.04581,1.04568,1.0457
2016-12-27 16:15:00,1.04569,1.04576,1.04569,1.04575
2016-12-27 16:20:00,1.04573,1.04576,1.04562,1.04562
2016-12-27 16:25:00,1.04565,1.04566,1.04553,1.04563
2016-12-27 16:30:00,1.04562,1.04571,1.04562,1.04567
2016-12-27 16:35:00,1.04569,1.04577,1.04567,1.04572
2016-12-27 16:40:00,1.04572,1.04572,1.0457,1.04572
2016-12-27 16:45:00,1.0457,1.04577,1.04568,1.04572
2016-12-27 16:50:00,1.04574,1.04575,1.0457,1.0457
2016-12-27 16:55:00,1.04571,1.04579,1.04545,1.04553
2016-12-27 17:00:00,1.04541,1.04553,1.04541,1.04546
2016-12-27 17:05:00,1.04546,1.04556,1.04543,1.04556
2016-12-27 17:10:00,1.04555,1.0457,1.04533,1.04561
2016-12-27 17:15:00,1.04561,1.04569,1.04561,1.04561
2016-12-27 17:20:00,1.04561,1.04568,1.04558,1.04562
2016-12-27 17:25:00,1.04562,1.04586,1.04561,1.04578
2016-12-27 17:30:00,1.04578,1.04583,1.04575,1.04576
2016-12-27 17:35:00,1.04569,1.04601,1.04569,1.04597
2016-12-27 17:40:00,1.04594,1.04601,1.04569,1.04588
2016-12-27 17:45:00,1.04586,1.04605,1.04572,1.04576
2016-12-27 17:50:00,1.04575,1.04576,1.04571,1.04575
2016-12-27 17:55:00,1.04574,1.04585,1.04574,1.04583
2016-12-27 18:00:00,1.04583,1.04598,1.04582,1.04594
2016-12-27 18:05:00,1.04594,1.04599,1.0459,1.04595
2016-12-27 18:10:00,1.04595,1.04596,1.04569,1.04573
2016-12-27 18:15:00,1.04574,1.04592,1.04574,1.04576
2016-12-27 18:20:00,1.04576,1.04606,1.04576,1.04604
2016-12-27 18:25:00,1.04606,1.04611,1.04573,1.04576
2016-12-27 18:30:00,1.04576,1.04593,1.04567,1.04575
2016-12-27 18:35:00,1.04576,1.04578,1.04569,1.04571
2016-12-27 18:40:00,1.04571,1.04582,1.0457,1.04574
2016-12-27 18:45:00,1.04573,1.04591,1.04573,1.04584
2016-12-27 18:50:00,1.04586,1.04592,1.04586,1.0459
2016-12-27 18:55:00,1.04596,1.04613,1.04596,1.04612
2016-12-27 19:00:00,1.04611,1.04611,1.04594,1.04607
2016-12-27 19:05:00,1.04608,1.04638,1.04608,1.04635
2016-12-27 19:10:00,1.04636,1.04636,1.04614,1.0462
2016-12-27 19:15:00,1.04621,1.04625,1.04611,1.04614
2016-12-27 19:20:00,1.04615,1.04621,1.04611,1.04614
2016-12-27 19:25:00,1.04614,1.04633,1.04611,1.04626
2016-12-27 19:30:00,1.04626,1.04645,1.04624,1.04643
2016-12-27 19:35:00,1.04643,1.04645,1.04624,1.04626
2016-12-27 19:40:00,1.04625,1.04638,1.04623,1.04634
2016-12-27 19:45:00,1.04633,1.04644,1.04631,1.04642
2016-12-27 19:50:00,1.04642,1.04644,1.04579,1.0461
2016-12-27 19:55:00,1.04615,1.0467,1.04615,1.0464
2016-12-27 20:00:00,1.0464,1.0464,1.04626,1.04635
2016-12-27 20:05:00,1.04636,1.04686,1.04625,1.04678
2016-12-27 20:10:00,1.04679,1.04696,1.04678,1.04693
2016-12-27 20:15:00,1.04692,1.04709,1.04671,1.04693
2016-12-27 20:20:00,1.04694,1.04731,1.04686,1.04705
2016-12-27 20:25:00,1.04704,1.04729,1.04692,1.04722
2016-12-27 20:30:00,1.04721,1.04721,1.04684,1.04694
2016-12-27 20:35:00,1.04693,1.04702,1.04678,1.0469
2016-12-27 20:40:00,1.04692,1.04719,1.04692,1.04702
2016-12-27 20:45:00,1.04704,1.04721,1.04702,1.04721
2016-12-27 20:50:00,1.04721,1.04748,1.04709,1.04709
2016-12-27 20:55:00,1.04709,1.04711,1.04692,1.04692
2016-12-27 21:00:00,1.04692,1.04705,1.04673,1.04704
2016-12-27 21:05:00,1.04707,1.04716,1.04704,1.0471
2016-12-27 21:10:00,1.04709,1.0471,1.04694,1.04697
2016-12-27 21:15:00,1.04697,1.04702,1.04661,1.04694
2016-12-27 21:20:00,1.04695,1.04709,1.04684,1.04696
2016-12-27 21:25:00,1.04695,1.047,1.04689,1.04694
2016-12-27 21:30:00,1.04692,1.04705,1.04678,1.047
2016-12-27 21:35:00,1.04701,1.04704,1.04693,1.04703
2016-12-27 21:40:00,1.04703,1.04703,1.04685,1.04698
2016-12-27 21:45:00,1.04697,1.04698,1.04668,1.04693
2016-12-27 21:50:00,1.04698,1.04698,1.04655,1.04658
2016-12-27 21:55:00,1.04657,1.0467,1.04645,1.04646
2016-12-27 22:00:00,1.04644,1.04679,1.04644,1.04676
2016-12-27 22:05:00,1.04675,1.04695,1.04666,1.04686
2016-12-27 22:10:00,1.04686,1.04686,1.04676,1.04685
2016-12-27 22:15:00,1.04687,1.04692,1.04674,1.0468
2016-12-27 22:20:00,1.04678,1.04684,1.04678,1.04682
2016-12-27 22:25:00,1.04675,1.04675,1.0466,1.04671
2016-12-27 22:30:00,1.04672,1.04673,1.04648,1.04658
2016-12-27 22:35:00,1.04658,1.04659,1.04648,1.04654
2016-12-27 22:40:00,1.04657,1.04695,1.04656,1.04695
2016-12-27 22:45:00,1.04693,1.04696,1.04666,1.04696
2016-12-27 22:50:00,1.04696,1.04697,1.04684,1.04689
2016-12-27 22:55:00,1.04687,1.04697,1.04679,1.04694
2016-12-27 23:00:00,1.04693,1.04696,1.04688,1.04689
2016-12-27 23:05:00,1.04689,1.047,1.04688,1.04696
2016-12-27 23:10:00,1.04696,1.04711,1.04689,1.04706
2016-12-27 23:15:00,1.04707,1.04727,1.04704,1.04718
2016-12-27 23:20:00,1.04719,1.04723,1.04708,1.04722
2016-12-27 23:25:00,1.04721,1.04725,1.04709,1.04711
2016-12-27 23:30:00,1.04712,1.04716,1.04698,1.047
2016-12-27 23:35:00,1.04699,1.04704,1.04693,1.04699
2016-12-27 23:40:00,1.04698,1.04702,1.04691,1.04694
2016-12-27 23:45:00,1.04696,1.04699,1.04694,1.04698
2016-12-27 23:50:00,1.04697,1.04697,1.0469,1.04691
2016-12-27 23:55:00,1.04691,1.04704,1.0468,1.047
2016-12-28 00:00:00,1.04703,1.0471,1.04693,1.04696
2016-12-28 00:05:00,1.04695,1.04696,1.04691,1.04695
2016-12-28 00:10:00,1.04694,1.04701,1.04694,1.04696
2016-12-28 00:15:00,1.04695,1.04728,1.04695,1.04721
2016-12-28 00:20:00,1.04722,1.04745,1.04718,1.04729
2016-12-28 00:25:00,1.04727,1.04739,1.04721,1.04739
2016-12-28 00:30:00,1.04738,1.04789,1.04733,1.04753
2016-12-28 00:35:00,1.04754,1.04783,1.04754,1.04778
2016-12-28 00:40:00,1.04778,1.04778,1.04757,1.04762
2016-12-28 00:45:00,1.04761,1.04772,1.04746,1.04771
2016-12-28 00:50:00,1.0477,1.04797,1.0477,1.04791
2016-12-28 00:55:00,1.04791,1.04791,1.04768,1.04779
2016-12-28 01:00:00,1.04779,1.04792,1.04756,1.04784
2016-12-28 01:05:00,1.04784,1.04784,1.04747,1.04764
2016-12-28 01:10:00,1.04769,1.04784,1.04754,1.04764
2016-12-28 01:15:00,1.04765,1.04765,1.04745,1.04745
2016-12-28 01:20:00,1.04744,1.04756,1.04737,1.04751
2016-12-28 01:25:00,1.04751,1.04767,1.04743,1.04748
2016-12-28 01:30:00,1.04747,1.04773,1.04742,1.04753
2016-12-28 01:35:00,1.04755,1.04759,1.04742,1.04742
2016-12-28 01:40:00,1.04741,1.04754,1.04722,1.04748
2016-12-28 01:45:00,1.04747,1.04747,1.04726,1.04744
2016-12-28 01:50:00,1.04743,1.04743,1.0473,1.0473
2016-12-28 01:55:00,1.0473,1.04731,1.04713,1.04714
2016-12-28 02:00:00,1.04716,1.04716,1.04675,1.04688
2016-12-28 02:05:00,1.04686,1.0469,1.04658,1.04663
2016-12-28 02:10:00,1.04664,1.04668,1.04653,1.04655
2016-12-28 02:15:00,1.04654,1.04693,1.04654,1.0467
2016-12-28 02:20:00,1.04669,1.04675,1.04659,1.04664
2016-12-28 02:25:00,1.04666,1.047,1.04664,1.04684
2016-12-28 02:30:00,1.04681,1.04719,1.04678,1.04716
2016-12-28 02:35:00,1.04715,1.04715,1.0468,1.04684
2016-12-28 02:40:00,1.04683,1.04707,1.04668,1.04688
2016-12-28 02:45:00,1.04689,1.047,1.04671,1.04671
2016-12-28 02:50:00,1.04673,1.04673,1.04649,1.04652
2016-12-28 02:55:00,1.0465,1.04674,1.04641,1.04665
2016-12-28 03:00:00,1.04664,1.04668,1.04583,1.04609
2016-12-28 03:05:00,1.04608,1.0462,1.04566,1.04585
2016-12-28 03:10:00,1.04584,1.04585,1.04535,1.04555
2016-12-28 03:15:00,1.04553,1.04555,1.04513,1.04527
2016-12-28 03:20:00,1.04525,1.04529,1.04496,1.04527
2016-12-28 03:25:00,1.04527,1.04529,1.04517,1.04526
2016-12-28 03:30:00,1.04526,1.04533,1.04506,1.04523
2016-12-28 03:35:00,1.04521,1.04542,1.04515,1.04515
2016-12-28 03:40:00,1.04513,1.04518,1.04498,1.045
2016-12-28 03:45:00,1.04498,1.045,1.04438,1.0446
2016-12-28 03:50:00,1.04462,1.04468,1.04433,1.0444
2016-12-28 03:55:00,1.0444,1.04442,1.04409,1.04417
2016-12-28 04:00:00,1.04416,1.04437,1.04402,1.04435
2016-12-28 04:05:00,1.04437,1.04445,1.04407,1.0442
2016-12-28 04:10:00,1.04423,1.04461,1.04423,1.04446
2016-12-28 04:15:00,1.04444,1.0445,1.0442,1.04429
2016-12-28 04:20:00,1.04431,1.04433,1.04344,1.04348
2016-12-28 04:25:00,1.04346,1.04392,1.0434,1.04382
2016-12-28 04:30:00,1.04381,1.04392,1.0437,1.04387
2016-12-28 04:35:00,1.04389,1.04394,1.04371,1.04371
2016-12-28 04:40:00,1.04373,1.04387,1.04359,1.04379
2016-12-28 04:45:00,1.0438,1.04385,1.04342,1.04351
2016-12-28 04:50:00,1.04352,1.04369,1.04346,1.04347
2016-12-28 04:55:00,1.0435,1.04399,1.0435,1.04396
2016-12-28 05:00:00,1.04397,1.04423,1.04383,1.04408
2016-12-28 05:05:00,1.04407,1.0442,1.04402,1.04419
2016-12-28 05:10:00,1.04419,1.04446,1.04411,1.04442
2016-12-28 05:15:00,1.04443,1.04453,1.04405,1.04408
2016-12-28 05:20:00,1.04407,1.04422,1.04381,1.04391
2016-12-28 05:25:00,1.04389,1.04396,1.04371,1.04372
2016-12-28 05:30:00,1.04371,1.04391,1.04369,1.04382
2016-12-28 05:35:00,1.04381,1.04381,1.04357,1.04365
2016-12-28 05:40:00,1.04366,1.04367,1.04331,1.04358
2016-12-28 05:45:00,1.0436,1.04368,1.0432,1.04334
2016-12-28 05:50:00,1.04336,1.0438,1.04334,1.04369
2016-12-28 05:55:00,1.04367,1.04367,1.04316,1.04319
2016-12-28 06:00:00,1.0432,1.04359,1.043,1.04316
2016-12-28 06:05:00,1.04318,1.04328,1.04301,1.04312
2016-12-28 06:10:00,1.04311,1.04331,1.043,1.04302
2016-12-28 06:15:00,1.04301,1.04301,1.04201,1.04252
2016-12-28 06:20:00,1.0425,1.0425,1.04189,1.04206
2016-12-28 06:25:00,1.04209,1.04212,1.04114,1.04151
2016-12-28 06:30:00,1.0415,1.04177,1.04137,1.04175
2016-12-28 06:35:00,1.04177,1.04191,1.04154,1.04168
2016-12-28 06:40:00,1.04168,1.04178,1.04103,1.04115
2016-12-28 06:45:00,1.04114,1.04132,1.04097,1.0411
2016-12-28 06:50:00,1.04111,1.04146,1.04111,1.04141
2016-12-28 06:55:00,1.0414,1.0418,1.04119,1.04171
2016-12-28 07:00:00,1.04171,1.04181,1.04147,1.04152
2016-12-28 07:05:00,1.04152,1.04185,1.04132,1.04135
2016-12-28 07:10:00,1.04132,1.04132,1.0401,1.04018
2016-12-28 07:15:00,1.0402,1.04029,1.03992,1.03992
2016-12-28 07:20:00,1.03991,1.04005,1.03984,1.03998
2016-12-28 07:25:00,1.03998,1.04008,1.03981,1.04006
2016-12-28 07:30:00,1.04004,1.04012,1.03934,1.03944
2016-12-28 07:35:00,1.03945,1.03974,1.03944,1.03971
2016-12-28 07:40:00,1.03971,1.0399,1.03953,1.03969
2016-12-28 07:45:00,1.03968,1.03997,1.03939,1.03975
2016-12-28 07:50:00,1.03975,1.03981,1.03951,1.03956
2016-12-28 07:55:00,1.03958,1.0398,1.0394,1.03972
2016-12-28 08:00:00,1.03976,1.0398,1.03938,1.03946
2016-12-28 08:05:00,1.03951,1.04013,1.03949,1.03968
2016-12-28 08:10:00,1.03968,1.04013,1.03967,1.04013
2016-12-28 08:15:00,1.04007,1.04019,1.03975,1.03986
2016-12-28 08:20:00,1.03989,1.03998,1.03982,1.03991
2016-12-28 08:25:00,1.03992,1.03992,1.03964,1.03985
2016-12-28 08:30:00,1.03987,1.03987,1.03941,1.03946
2016-12-28 08:35:00,1.03947,1.03947,1.03865,1.03886
2016-12-28 08:40:00,1.03887,1.03925,1.03883,1.03906
2016-12-28 08:45:00,1.03906,1.03935,1.039,1.03926
2016-12-28 08:50:00,1.03928,1.03956,1.03904,1.03949
2016-12-28 08:55:00,1.03949,1.03971,1.03922,1.03933
2016-12-28 09:00:00,1.03935,1.0396,1.03904,1.03907
2016-12-28 09:05:00,1.03917,1.03957,1.03911,1.03939
2016-12-28 09:10:00,1.03935,1.03946,1.03901,1.03912
2016-12-28 09:15:00,1.03909,1.03928,1.03904,1.03915
2016-12-28 09:20:00,1.03914,1.03939,1.03897,1.03909
2016-12-28 09:25:00,1.03913,1.03942,1.03894,1.03942
2016-12-28 09:30:00,1.03942,1.03964,1.03925,1.03956
2016-12-28 09:35:00,1.03957,1.03985,1.03944,1.03971
2016-12-28 09:40:00,1.03972,1.04002,1.03963,1.03996
2016-12-28 09:45:00,1.03995,1.04,1.03968,1.03969
2016-12-28 09:50:00,1.03968,1.03994,1.03951,1.03958
2016-12-28 09:55:00,1.03962,1.03973,1.03873,1.03884
2016-12-28 10:00:00,1.03885,1.03937,1.03849,1.03893
2016-12-28 10:05:00,1.03894,1.03967,1.03894,1.03944
2016-12-28 10:10:00,1.03946,1.03975,1.03946,1.0396
2016-12-28 10:15:00,1.03959,1.03993,1.03959,1.03984
2016-12-28 10:20:00,1.03983,1.04033,1.03982,1.04016
2016-12-28 10:25:00,1.04018,1.0403,1.03934,1.03938
2016-12-28 10:30:00,1.03939,1.03973,1.03928,1.03934
2016-12-28 10:35:00,1.03937,1.03948,1.03907,1.0393
2016-12-28 10:40:00,1.03935,1.0401,1.03934,1.0399
2016-12-28 10:45:00,1.0399,1.03996,1.03964,1.03976
2016-12-28 10:50:00,1.03977,1.04001,1.03946,1.03983
2016-12-28 10:55:00,1.0398,1.03985,1.0393,1.0393
2016-12-28 11:00:00,1.03931,1.03986,1.03929,1.0397
2016-12-28 11:05:00,1.03971,1.03982,1.03948,1.03949
2016-12-28 11:10:00,1.0395,1.03959,1.03909,1.0392
2016-12-28 11:15:00,1.03919,1.03947,1.03901,1.03947
2016-12-28 11:20:00,1.03955,1.03972,1.03922,1.03925
2016-12-28 11:25:00,1.03925,1.03966,1.03915,1.03953
2016-12-28 11:30:00,1.03952,1.03989,1.03932,1.03951
2016-12-28 11:35:00,1.03952,1.03961,1.03928,1.0394
2016-12-28 11:40:00,1.03941,1.03948,1.03917,1.03918
2016-12-28 11:45:00,1.0392,1.03927,1.03891,1.03892
2016-12-28 11:50:00,1.03894,1.03907,1.03884,1.03889
2016-12-28 11:55:00,1.03888,1.03899,1.03879,1.03888
2016-12-28 12:00:00,1.03888,1.03896,1.0388,1.03888
2016-12-28 12:05:00,1.03888,1.03892,1.03796,1.03814
2016-12-28 12:10:00,1.03816,1.03849,1.03809,1.03815
2016-12-28 12:15:00,1.03815,1.03822,1.03773,1.03788
2016-12-28 12:20:00,1.03791,1.03794,1.03764,1.03768
2016-12-28 12:25:00,1.03769,1.03769,1.03719,1.03737
2016-12-28 12:30:00,1.03738,1.03785,1.03737,1.03781
2016-12-28 12:35:00,1.03783,1.03808,1.03781,1.03791
2016-12-28 12:40:00,1.03789,1.03801,1.03783,1.03792
2016-12-28 12:45:00,1.03794,1.03849,1.03791,1.03842
2016-12-28 12:50:00,1.03843,1.03852,1.03828,1.03844
2016-12-28 12:55:00,1.03846,1.03862,1.03834,1.03837
2016-12-28 13:00:00,1.03839,1.03853,1.03824,1.03844
2016-12-28 13:05:00,1.03845,1.03915,1.03839,1.03887
2016-12-28 13:10:00,1.03886,1.03945,1.03877,1.03899
2016-12-28 13:15:00,1.03899,1.03933,1.03899,1.03917
2016-12-28 13:20:00,1.03916,1.03933,1.03889,1.03894
2016-12-28 13:25:00,1.03895,1.03956,1.03894,1.03955
2016-12-28 13:30:00,1.03955,1.03965,1.03936,1.03939
2016-12-28 13:35:00,1.0394,1.03963,1.03936,1.03943
2016-12-28 13:40:00,1.03944,1.03947,1.03934,1.03943
2016-12-28 13:45:00,1.03944,1.0396,1.03933,1.03945
2016-12-28 13:50:00,1.03946,1.03952,1.03923,1.03932
2016-12-28 13:55:00,1.03932,1.0399,1.03932,1.03977
2016-12-28 14:00:00,1.03977,1.03977,1.03942,1.03947
2016-12-28 14:05:00,1.03943,1.03994,1.03942,1.03983
2016-12-28 14:10:00,1.03979,1.04012,1.03962,1.04011
2016-12-28 14:15:00,1.0401,1.0405,1.04003,1.04038
2016-12-28 14:20:00,1.04039,1.04079,1.04039,1.04073
2016-12-28 14:25:00,1.04073,1.0408,1.04044,1.04044
2016-12-28 14:30:00,1.04046,1.04061,1.04025,1.04047
2016-12-28 14:35:00,1.04048,1.0406,1.04035,1.0406
2016-12-28 14:40:00,1.04061,1.04131,1.04055,1.04099
2016-12-28 14:45:00,1.04098,1.04117,1.04064,1.04069
2016-12-28 14:50:00,1.04069,1.04087,1.04055,1.0406
2016-12-28 14:55:00,1.04058,1.04098,1.04052,1.0409
2016-12-28 15:00:00,1.0409,1.04092,1.04054,1.04068
2016-12-28 15:05:00,1.04069,1.04113,1.04066,1.04107
2016-12-28 15:10:00,1.04107,1.04184,1.04107,1.04151
2016-12-28 15:15:00,1.04149,1.04172,1.04145,1.04158
2016-12-28 15:20:00,1.04156,1.04156,1.04112,1.04117
2016-12-28 15:25:00,1.04113,1.04128,1.04111,1.04125
2016-12-28 15:30:00,1.04127,1.04147,1.04125,1.04146
2016-12-28 15:35:00,1.04143,1.04151,1.04122,1.0413
2016-12-28 15:40:00,1.04129,1.04137,1.04102,1.04109
2016-12-28 15:45:00,1.0411,1.04118,1.04086,1.04086
2016-12-28 15:50:00,1.04086,1.04088,1.0407,1.04077
2016-12-28 15:55:00,1.04076,1.04088,1.04075,1.04075
2016-12-28 16:00:00,1.04073,1.04076,1.04062,1.04069
2016-12-28 16:05:00,1.04067,1.04082,1.04062,1.04082
2016-12-28 16:10:00,1.04084,1.04118,1.04084,1.04111
2016-12-28 16:15:00,1.04111,1.04111,1.04081,1.04082
2016-12-28 16:20:00,1.04083,1.04166,1.04082,1.0416
2016-12-28 16:25:00,1.0416,1.0416,1.04133,1.04135
2016-12-28 16:30:00,1.04133,1.04135,1.04111,1.04121
2016-12-28 16:35:00,1.04119,1.04131,1.04114,1.04131
2016-12-28 16:40:00,1.04141,1.04151,1.04136,1.04146
2016-12-28 16:45:00,1.04147,1.04166,1.04146,1.04156
2016-12-28 16:50:00,1.04157,1.04161,1.04147,1.04147
2016-12-28 16:55:00,1.04149,1.04152,1.04105,1.0411
2016-12-28 17:00:00,1.04107,1.04157,1.04107,1.04132
2016-12-28 17:05:00,1.04136,1.04138,1.04075,1.04085
2016-12-28 17:10:00,1.04084,1.04132,1.04079,1.04132
2016-12-28 17:15:00,1.04135,1.04158,1.04106,1.04121
2016-12-28 17:20:00,1.0412,1.04143,1.0412,1.04139
2016-12-28 17:25:00,1.04139,1.04143,1.04136,1.04139
2016-12-28 17:30:00,1.04138,1.04183,1.04133,1.04133
2016-12-28 17:35:00,1.04134,1.04181,1.04134,1.04161
2016-12-28 17:40:00,1.04161,1.04163,1.04147,1.04161
2016-12-28 17:45:00,1.04161,1.04161,1.04128,1.04159
2016-12-28 17:50:00,1.04158,1.04172,1.04151,1.04164
2016-12-28 17:55:00,1.04164,1.04189,1.04154,1.04182
2016-12-28 18:00:00,1.04181,1.04198,1.04162,1.04186
2016-12-28 18:05:00,1.04187,1.04199,1.04183,1.04198
2016-12-28 18:10:00,1.042,1.04209,1.0418,1.042
2016-12-28 18:15:00,1.04203,1.04215,1.04187,1.04205
2016-12-28 18:20:00,1.04203,1.04214,1.04189,1.04205
2016-12-28 18:25:00,1.04205,1.04225,1.04201,1.04222
2016-12-28 18:30:00,1.04222,1.04224,1.042,1.04202
2016-12-28 18:35:00,1.04203,1.04218,1.04181,1.04181
2016-12-28 18:40:00,1.04182,1.04188,1.04167,1.04179
2016-12-28 18:45:00,1.0418,1.04183,1.04152,1.04172
2016-12-28 18:50:00,1.04173,1.04209,1.04168,1.04201
2016-12-28 18:55:00,1.04198,1.04198,1.0414,1.04141
2016-12-28 19:00:00,1.04143,1.04235,1.04138,1.04234
2016-12-28 19:05:00,1.04234,1.04263,1.04224,1.04252
2016-12-28 19:10:00,1.04251,1.04257,1.04235,1.04247
2016-12-28 19:15:00,1.04246,1.0429,1.04246,1.04268
2016-12-28 19:20:00,1.04269,1.0429,1.04257,1.04274
2016-12-28 19:25:00,1.04274,1.04303,1.04266,1.04292
2016-12-28 19:30:00,1.04292,1.04292,1.04239,1.04252
2016-12-28 19:35:00,1.04253,1.04323,1.04234,1.04314
2016-12-28 19:40:00,1.04312,1.04312,1.0428,1.04298
2016-12-28 19:45:00,1.04299,1.04307,1.04296,1.04307
2016-12-28 19:50:00,1.04308,1.04316,1.04258,1.04264
2016-12-28 19:55:00,1.04259,1.04294,1.0424,1.04256
2016-12-28 20:00:00,1.04254,1.04304,1.04252,1.04275
2016-12-28 20:05:00,1.04276,1.04311,1.04276,1.0431
2016-12-28 20:10:00,1.04311,1.04343,1.04293,1.0433
2016-12-28 20:15:00,1.04329,1.04333,1.0428,1.0428
2016-12-28 20:20:00,1.04282,1.04297,1.04246,1.04264
2016-12-28 20:25:00,1.04269,1.04329,1.04269,1.04329
2016-12-28 20:30:00,1.04329,1.04329,1.04292,1.04312
2016-12-28 20:35:00,1.04311,1.04371,1.04299,1.04359
2016-12-28 20:40:00,1.04357,1.04369,1.04345,1.04361
2016-12-28 20:45:00,1.04362,1.04379,1.0435,1.04364
2016-12-28 20:50:00,1.04366,1.04375,1.04344,1.04345
2016-12-28 20:55:00,1.04346,1.04369,1.04334,1.04337
2016-12-28 21:00:00,1.04339,1.04376,1.04334,1.04371
2016-12-28 21:05:00,1.04369,1.04387,1.04358,1.04376
2016-12-28 21:10:00,1.04376,1.04387,1.0437,1.04372
2016-12-28 21:15:00,1.0437,1.04397,1.04363,1.04366
2016-12-28 21:20:00,1.04366,1.04397,1.04361,1.04387
2016-12-28 21:25:00,1.04386,1.04386,1.04368,1.04376
2016-12-28 21:30:00,1.04378,1.04387,1.04342,1.04347
2016-12-28 21:35:00,1.04345,1.04347,1.04325,1.04325
2016-12-28 21:40:00,1.04326,1.04342,1.04302,1.04312
2016-12-28 21:45:00,1.04313,1.04338,1.04304,1.0432
2016-12-28 21:50:00,1.04322,1.0433,1.043,1.043
2016-12-28 21:55:00,1.043,1.04348,1.04292,1.04346
2016-12-28 22:00:00,1.04349,1.04352,1.04335,1.04336
2016-12-28 22:05:00,1.04335,1.04338,1.04324,1.04326
2016-12-28 22:10:00,1.04325,1.04369,1.04325,1.04367
2016-12-28 22:15:00,1.04369,1.04376,1.04339,1.04355
2016-12-28 22:20:00,1.04356,1.04359,1.04352,1.04355
2016-12-28 22:25:00,1.04355,1.04367,1.04351,1.04366
2016-12-28 22:30:00,1.04366,1.04378,1.0436,1.04376
2016-12-28 22:35:00,1.04378,1.04405,1.04375,1.044
2016-12-28 22:40:00,1.04399,1.04404,1.04375,1.04404
2016-12-28 22:45:00,1.04403,1.04425,1.04386,1.04387
2016-12-28 22:50:00,1.04388,1.044,1.04376,1.04394
2016-12-28 22:55:00,1.04394,1.0442,1.0438,1.04417
2016-12-28 23:00:00,1.04418,1.04485,1.04415,1.04469
2016-12-28 23:05:00,1.0447,1.0449,1.04465,1.04484
2016-12-28 23:10:00,1.04485,1.04509,1.04478,1.04496
2016-12-28 23:15:00,1.04496,1.0453,1.04495,1.04502
2016-12-28 23:20:00,1.04503,1.04562,1.04501,1.04543
2016-12-28 23:25:00,1.04543,1.04575,1.04531,1.04575
2016-12-28 23:30:00,1.04578,1.04589,1.04528,1.0454
2016-12-28 23:35:00,1.0454,1.04566,1.04533,1.04561
2016-12-28 23:40:00,1.04561,1.04594,1.04544,1.04593
2016-12-28 23:45:00,1.04595,1.04599,1.04583,1.04593
2016-12-28 23:50:00,1.04595,1.04598,1.04578,1.04579
2016-12-28 23:55:00,1.04578,1.04583,1.04537,1.0455
2016-12-29 00:00:00,1.04549,1.04554,1.04537,1.04552
2016-12-29 00:05:00,1.04549,1.04618,1.04546,1.04612
2016-12-29 00:10:00,1.0461,1.0461,1.046,1.04607
2016-12-29 00:15:00,1.04613,1.04616,1.04575,1.04582
2016-12-29 00:20:00,1.0458,1.04648,1.0458,1.04605
2016-12-29 00:25:00,1.04606,1.04623,1.04598,1.04608
2016-12-29 00:30:00,1.04607,1.04607,1.04579,1.04582
2016-12-29 00:35:00,1.04583,1.04599,1.0458,1.04585
2016-12-29 00:40:00,1.04584,1.04607,1.04581,1.04597
2016-12-29 00:45:00,1.04597,1.04597,1.04553,1.04558
2016-12-29 00:50:00,1.04557,1.046,1.0455,1.04584
2016-12-29 00:55:00,1.04587,1.04603,1.04579,1.04602
2016-12-29 01:00:00,1.04601,1.04607,1.04596,1.04602
2016-12-29 01:05:00,1.04603,1.04607,1.04583,1.04595
2016-12-29 01:10:00,1.04593,1.04598,1.04578,1.04578
2016-12-29 01:15:00,1.04577,1.04583,1.04562,1.04576
2016-12-29 01:20:00,1.04574,1.04588,1.04568,1.04582
2016-12-29 01:25:00,1.04577,1.04602,1.04531,1.04558
2016-12-29 01:30:00,1.04559,1.04563,1.04537,1.04537
2016-12-29 01:35:00,1.0454,1.04559,1.04528,1.04542
2016-12-29 01:40:00,1.04542,1.04601,1.04533,1.04599
2016-12-29 01:45:00,1.04598,1.04624,1.04571,1.04621
2016-12-29 01:50:00,1.04621,1.04625,1.04611,1.04611
2016-12-29 01:55:00,1.04609,1.04624,1.04599,1.04607
2016-12-29 02:00:00,1.04605,1.04605,1.04556,1.04578
2016-12-29 02:05:00,1.04579,1.04598,1.04553,1.04572
2016-12-29 02:10:00,1.04573,1.04579,1.04544,1.04555
2016-12-29 02:15:00,1.04557,1.04627,1.04557,1.04609
2016-12-29 02:20:00,1.04611,1.04617,1.04572,1.0458
2016-12-29 02:25:00,1.04578,1.04617,1.0457,1.04572
2016-12-29 02:30:00,1.04572,1.0461,1.04542,1.04568
2016-12-29 02:35:00,1.0457,1.04589,1.04561,1.04574
2016-12-29 02:40:00,1.04575,1.04597,1.04564,1.04593
2016-12-29 02:45:00,1.04591,1.04596,1.04571,1.04571
2016-12-29 02:50:00,1.04572,1.04578,1.04532,1.04538
2016-12-29 02:55:00,1.04538,1.04553,1.04512,1.04516
2016-12-29 03:00:00,1.04516,1.04551,1.04513,1.0452
2016-12-29 03:05:00,1.04517,1.04524,1.04499,1.04508
2016-12-29 03:10:00,1.04512,1.0455,1.04509,1.04512
2016-12-29 03:15:00,1.04513,1.04536,1.04504,1.04525
2016-12-29 03:20:00,1.04523,1.04544,1.04516,1.04537
2016-12-29 03:25:00,1.04539,1.0455,1.04515,1.04537
2016-12-29 03:30:00,1.04536,1.04539,1.04475,1.04475
2016-12-29 03:35:00,1.04476,1.0448,1.04428,1.04445
2016-12-29 03:40:00,1.04448,1.04465,1.04426,1.04457
2016-12-29 03:45:00,1.0446,1.04464,1.04436,1.04439
2016-12-29 03:50:00,1.04439,1.04459,1.04429,1.0445
2016-12-29 03:55:00,1.04448,1.0447,1.04428,1.04456
2016-12-29 04:00:00,1.04454,1.04559,1.04453,1.04551
2016-12-29 04:05:00,1.04553,1.04599,1.04544,1.04567
2016-12-29 04:10:00,1.04569,1.04612,1.04563,1.0457
2016-12-29 04:15:00,1.04569,1.04598,1.04535,1.04545
2016-12-29 04:20:00,1.04544,1.04567,1.04526,1.04563
2016-12-29 04:25:00,1.04565,1.04567,1.04525,1.04537
2016-12-29 04:30:00,1.04538,1.0461,1.0453,1.04605
2016-12-29 04:35:00,1.04607,1.0469,1.04585,1.04686
2016-12-29 04:40:00,1.04687,1.04699,1.04645,1.04685
2016-12-29 04:45:00,1.04689,1.04751,1.04663,1.04749
2016-12-29 04:50:00,1.04746,1.04796,1.04706,1.04711
2016-12-29 04:55:00,1.04719,1.04732,1.04663,1.04687
2016-12-29 05:00:00,1.04687,1.04725,1.04667,1.04691
2016-12-29 05:05:00,1.0469,1.04722,1.04667,1.04718
2016-12-29 05:10:00,1.04718,1.04733,1.04705,1.04717
2016-12-29 05:15:00,1.04715,1.04766,1.04699,1.04755
2016-12-29 05:20:00,1.04755,1.04755,1.04714,1.04728
2016-12-29 05:25:00,1.04727,1.04756,1.04715,1.04716
2016-12-29 05:30:00,1.04717,1.04756,1.04696,1.04696
2016-12-29 05:35:00,1.04699,1.04717,1.04683,1.0471
2016-12-29 05:40:00,1.0471,1.04725,1.04681,1.04724
2016-12-29 05:45:00,1.04725,1.0476,1.04706,1.04709
2016-12-29 05:50:00,1.0471,1.04758,1.04706,1.04725
2016-12-29 05:55:00,1.04729,1.0474,1.04687,1.04706
2016-12-29 06:00:00,1.04707,1.04741,1.04701,1.04706
2016-12-29 06:05:00,1.04702,1.04736,1.04699,1.04733
2016-12-29 06:10:00,1.04734,1.0475,1.04714,1.0472
2016-12-29 06:15:00,1.04724,1.04734,1.04704,1.04704
2016-12-29 06:20:00,1.04705,1.04709,1.04649,1.04649
2016-12-29 06:25:00,1.04647,1.04668,1.0461,1.04626
2016-12-29 06:30:00,1.0463,1.04639,1.0459,1.04595
2016-12-29 06:35:00,1.04596,1.04605,1.04566,1.04575
2016-12-29 06:40:00,1.04578,1.04587,1.04559,1.04564
2016-12-29 06:45:00,1.04565,1.04568,1.04554,1.04563
2016-12-29 06:50:00,1.04563,1.04564,1.04528,1.04551
2016-12-29 06:55:00,1.04552,1.04556,1.04501,1.04539
2016-12-29 07:00:00,1.0454,1.04559,1.04534,1.04556
2016-12-29 07:05:00,1.04555,1.04563,1.04535,1.04563
2016-12-29 07:10:00,1.04562,1.04565,1.04524,1.04564
2016-12-29 07:15:00,1.04562,1.04599,1.04558,1.04588
2016-12-29 07:20:00,1.04589,1.04626,1.04589,1.0462
2016-12-29 07:25:00,1.04622,1.04624,1.04581,1.04595
2016-12-29 07:30:00,1.04596,1.04618,1.04558,1.04561
2016-12-29 07:35:00,1.04562,1.04595,1.0456,1.04575
2016-12-29 07:40:00,1.04578,1.04587,1.04543,1.04545
2016-12-29 07:45:00,1.04544,1.04546,1.04513,1.04543
2016-12-29 07:50:00,1.04541,1.04542,1.045,1.04509
2016-12-29 07:55:00,1.04509,1.04512,1.04468,1.0448
2016-12-29 08:00:00,1.04478,1.04517,1.04477,1.04509
2016-12-29 08:05:00,1.04511,1.0455,1.04508,1.0455
2016-12-29 08:10:00,1.04549,1.04564,1.04524,1.04524
2016-12-29 08:15:00,1.04523,1.04534,1.04464,1.04476
2016-12-29 08:20:00,1.04476,1.04488,1.04454,1.04457
2016-12-29 08:25:00,1.04458,1.04496,1.04458,1.0449
2016-12-29 08:30:00,1.04489,1.04546,1.0448,1.04498
2016-12-29 08:35:00,1.04495,1.04511,1.0447,1.04504
2016-12-29 08:40:00,1.04506,1.04506,1.04455,1.04465
2016-12-29 08:45:00,1.04464,1.04539,1.04464,1.04536
2016-12-29 08:50:00,1.04535,1.04675,1.04534,1.04673
2016-12-29 08:55:00,1.04673,1.04677,1.04572,1.04649
2016-12-29 09:00:00,1.04648,1.0465,1.04562,1.04566
2016-12-29 09:05:00,1.04567,1.04569,1.04516,1.04548
2016-12-29 09:10:00,1.04549,1.04579,1.04548,1.04563
2016-12-29 09:15:00,1.04563,1.0457,1.04519,1.04535
2016-12-29 09:20:00,1.04534,1.04553,1.04516,1.04524
2016-12-29 09:25:00,1.04523,1.04534,1.04492,1.04493
2016-12-29 09:30:00,1.04494,1.04525,1.04469,1.04524
2016-12-29 09:35:00,1.04524,1.04535,1.04505,1.04508
2016-12-29 09:40:00,1.04507,1.0456,1.0449,1.04558
2016-12-29 09:45:00,1.04554,1.0457,1.04533,1.04542
2016-12-29 09:50:00,1.04542,1.04545,1.04522,1.04522
2016-12-29 09:55:00,1.04524,1.04575,1.04517,1.04575
2016-12-29 10:00:00,1.04575,1.04584,1.04559,1.04567
2016-12-29 10:05:00,1.04569,1.04613,1.04566,1.04611
2016-12-29 10:10:00,1.04612,1.04636,1.04589,1.0459
2016-12-29 10:15:00,1.0459,1.04626,1.04588,1.04624
2016-12-29 10:20:00,1.04623,1.04656,1.04618,1.04639
2016-12-29 10:25:00,1.04639,1.04653,1.04609,1.04611
2016-12-29 10:30:00,1.0461,1.04622,1.04586,1.04622
2016-12-29 10:35:00,1.04623,1.04642,1.04613,1.04638
2016-12-29 10:40:00,1.04637,1.04692,1.04619,1.04681
2016-12-29 10:45:00,1.04682,1.04744,1.0467,1.04736
2016-12-29 10:50:00,1.04737,1.0475,1.04692,1.04725
2016-12-29 10:55:00,1.04725,1.04916,1.04714,1.0488
2016-12-29 11:00:00,1.04882,1.04922,1.04815,1.04835
2016-12-29 11:05:00,1.04836,1.04846,1.04781,1.04798
2016-12-29 11:10:00,1.04797,1.04807,1.04725,1.04731
2016-12-29 11:15:00,1.04731,1.04828,1.04722,1.04822
2016-12-29 11:20:00,1.04822,1.04876,1.04817,1.04847
2016-12-29 11:25:00,1.04847,1.04907,1.04815,1.04888
2016-12-29 11:30:00,1.04893,1.04899,1.04855,1.04874
2016-12-29 11:35:00,1.04873,1.04888,1.04853,1.04867
2016-12-29 11:40:00,1.04871,1.04884,1.04793,1.04797
2016-12-29 11:45:00,1.04798,1.04873,1.04797,1.04853
2016-12-29 11:50:00,1.04856,1.04879,1.04847,1.04857
2016-12-29 11:55:00,1.04856,1.04886,1.0483,1.04834
2016-12-29 12:00:00,1.04841,1.04894,1.04841,1.04886
2016-12-29 12:05:00,1.04885,1.04888,1.04875,1.04881
2016-12-29 12:10:00,1.0488,1.04886,1.04861,1.04866
2016-12-29 12:15:00,1.04865,1.04871,1.04835,1.04851
2016-12-29 12:20:00,1.0485,1.04875,1.04844,1.04845
2016-12-29 12:25:00,1.04844,1.04866,1.0483,1.0483
2016-12-29 12:30:00,1.0483,1.04835,1.04791,1.04805
2016-12-29 12:35:00,1.04804,1.04804,1.04784,1.0479
2016-12-29 12:40:00,1.04791,1.04796,1.04772,1.0478
2016-12-29 12:45:00,1.04777,1.0478,1.04689,1.04694
2016-12-29 12:50:00,1.04694,1.04715,1.04675,1.04694
2016-12-29 12:55:00,1.0469,1.04723,1.04671,1.04722
2016-12-29 13:00:00,1.04721,1.04791,1.04706,1.04749
2016-12-29 13:05:00,1.04747,1.04774,1.04735,1.04739
2016-12-29 13:10:00,1.04739,1.04746,1.04713,1.04724
2016-12-29 13:15:00,1.04724,1.04761,1.04719,1.04752
2016-12-29 13:20:00,1.04753,1.04779,1.04749,1.04769
2016-12-29 13:25:00,1.04769,1.0479,1.04753,1.04779
2016-12-29 13:30:00,1.04779,1.04808,1.0475,1.04805
2016-12-29 13:35:00,1.04805,1.04886,1.048,1.0488
2016-12-29 13:40:00,1.04879,1.04887,1.0486,1.04863
2016-12-29 13:45:00,1.04865,1.04883,1.0486,1.04878
2016-12-29 13:50:00,1.04878,1.04887,1.04833,1.04852
2016-12-29 13:55:00,1.04851,1.04863,1.04846,1.04861
2016-12-29 14:00:00,1.04859,1.04867,1.04851,1.04852
2016-12-29 14:05:00,1.04852,1.04856,1.04833,1.04846
2016-12-29 14:10:00,1.04848,1.04866,1.04841,1.04852
2016-12-29 14:15:00,1.04852,1.04896,1.04852,1.04891
2016-12-29 14:20:00,1.04891,1.04928,1.04879,1.04917
2016-12-29 14:25:00,1.04917,1.04936,1.04904,1.04929
2016-12-29 14:30:00,1.04928,1.04938,1.04892,1.04895
2016-12-29 14:35:00,1.04896,1.049,1.04867,1.04873
2016-12-29 14:40:00,1.04873,1.0489,1.04859,1.04862
2016-12-29 14:45:00,1.04863,1.04879,1.04826,1.04831
2016-12-29 14:50:00,1.04832,1.04832,1.04774,1.04795
2016-12-29 14:55:00,1.04794,1.04863,1.0479,1.04837
2016-12-29 15:00:00,1.04836,1.0486,1.04822,1.04825
2016-12-29 15:05:00,1.04825,1.04835,1.04796,1.04823
2016-12-29 15:10:00,1.04822,1.04833,1.04816,1.04823
2016-12-29 15:15:00,1.04822,1.04841,1.04818,1.04841
2016-12-29 15:20:00,1.04842,1.04858,1.04842,1.04848
2016-12-29 15:25:00,1.04847,1.04874,1.04844,1.04851
2016-12-29 15:30:00,1.04851,1.04851,1.04824,1.04824
2016-12-29 15:35:00,1.04823,1.04839,1.04817,1.04822
2016-12-29 15:40:00,1.04827,1.04828,1.04803,1.04806
2016-12-29 15:45:00,1.04805,1.04842,1.04803,1.04837
2016-12-29 15:50:00,1.04836,1.04867,1.0483,1.04862
2016-12-29 15:55:00,1.04861,1.04865,1.0482,1.04833
2016-12-29 16:00:00,1.04831,1.04841,1.04808,1.0483
2016-12-29 16:05:00,1.0483,1.04833,1.04822,1.0483
2016-12-29 16:10:00,1.04828,1.04864,1.04827,1.04863
2016-12-29 16:15:00,1.04863,1.04875,1.04848,1.04849
2016-12-29 16:20:00,1.0485,1.04852,1.04845,1.04849
2016-12-29 16:25:00,1.04849,1.04876,1.04848,1.04875
2016-12-29 16:30:00,1.04873,1.04881,1.04871,1.04881
2016-12-29 16:35:00,1.04882,1.04908,1.04882,1.04908
2016-12-29 16:40:00,1.04908,1.04924,1.04901,1.0491
2016-12-29 16:45:00,1.04909,1.04914,1.04894,1.04908
2016-12-29 16:50:00,1.04907,1.04907,1.04893,1.04894
2016-12-29 16:55:00,1.04896,1.04908,1.04882,1.04882
2016-12-29 17:00:00,1.04876,1.0489,1.04849,1.0487
2016-12-29 17:05:00,1.0487,1.04872,1.04834,1.04858
2016-12-29 17:10:00,1.04857,1.04865,1.04846,1.04865
2016-12-29 17:15:00,1.04865,1.04871,1.04857,1.04866
2016-12-29 17:20:00,1.04862,1.04882,1.04862,1.04882
2016-12-29 17:25:00,1.04881,1.04888,1.0488,1.04885
2016-12-29 17:30:00,1.04882,1.0489,1.04882,1.04886
2016-12-29 17:35:00,1.04884,1.04922,1.04874,1.04896
2016-12-29 17:40:00,1.04899,1.04922,1.04894,1.04915
2016-12-29 17:45:00,1.04913,1.04914,1.04907,1.04907
2016-12-29 17:50:00,1.04913,1.04925,1.04913,1.04918
2016-12-29 17:55:00,1.04917,1.04923,1.04914,1.04914
2016-12-29 18:00:00,1.04919,1.0494,1.04904,1.04904
2016-12-29 18:05:00,1.04891,1.04898,1.04842,1.04886
2016-12-29 18:10:00,1.04886,1.04931,1.04875,1.04923
2016-12-29 18:15:00,1.04924,1.04942,1.04906,1.04935
2016-12-29 18:20:00,1.04935,1.05151,1.04934,1.0515
2016-12-29 18:25:00,1.0515,1.05181,1.0511,1.0513
2016-12-29 18:30:00,1.05129,1.05169,1.05118,1.05168
2016-12-29 18:35:00,1.05168,1.05916,1.05139,1.05873
2016-12-29 18:40:00,1.05898,1.06534,1.05629,1.05661
2016-12-29 18:45:00,1.05661,1.05948,1.05661,1.05944
2016-12-29 18:50:00,1.05947,1.06262,1.05794,1.05802
2016-12-29 18:55:00,1.05802,1.0581,1.05627,1.05652
2016-12-29 19:00:00,1.05651,1.05789,1.0563,1.05635
2016-12-29 19:05:00,1.05635,1.05744,1.05475,1.05529
2016-12-29 19:10:00,1.05528,1.05591,1.05516,1.05565
2016-12-29 19:15:00,1.05565,1.0565,1.05545,1.05584
2016-12-29 19:20:00,1.05584,1.05584,1.05535,1.05558
2016-12-29 19:25:00,1.05557,1.05582,1.05537,1.05566
2016-12-29 19:30:00,1.05561,1.05564,1.0551,1.05518
2016-12-29 19:35:00,1.05516,1.05641,1.05516,1.05598
2016-12-29 19:40:00,1.056,1.05602,1.05507,1.05529
2016-12-29 19:45:00,1.05531,1.05573,1.05515,1.05555
2016-12-29 19:50:00,1.05548,1.05554,1.05501,1.05514
2016-12-29 19:55:00,1.05505,1.05557,1.05426,1.05514
2016-12-29 20:00:00,1.055,1.05641,1.05489,1.05633
2016-12-29 20:05:00,1.05632,1.05723,1.055,1.05521
2016-12-29 20:10:00,1.05522,1.05569,1.05477,1.05528
2016-12-29 20:15:00,1.05529,1.05594,1.05527,1.0557
2016-12-29 20:20:00,1.0557,1.05613,1.05485,1.05532
2016-12-29 20:25:00,1.05531,1.05563,1.05506,1.05534
2016-12-29 20:30:00,1.05534,1.05549,1.05499,1.05536
2016-12-29 20:35:00,1.05535,1.05549,1.05484,1.05489
2016-12-29 20:40:00,1.05493,1.05503,1.05469,1.05479
2016-12-29 20:45:00,1.05484,1.05512,1.05478,1.05505
2016-12-29 20:50:00,1.05505,1.05512,1.05469,1.05475
2016-12-29 20:55:00,1.05475,1.05477,1.05436,1.0545
2016-12-29 21:00:00,1.05449,1.05471,1.0544,1.05451
2016-12-29 21:05:00,1.05449,1.05449,1.05373,1.05394
2016-12-29 21:10:00,1.05393,1.05409,1.05363,1.05372
2016-12-29 21:15:00,1.05372,1.05439,1.05372,1.05413
2016-12-29 21:20:00,1.05414,1.05436,1.05409,1.0542
2016-12-29 21:25:00,1.05419,1.05419,1.05358,1.05385
2016-12-29 21:30:00,1.05381,1.05421,1.05379,1.05387
2016-12-29 21:35:00,1.05385,1.05391,1.05318,1.05321
2016-12-29 21:40:00,1.05322,1.05353,1.05318,1.05352
2016-12-29 21:45:00,1.0535,1.05362,1.05342,1.05346
2016-12-29 21:50:00,1.05347,1.05347,1.05299,1.0531
2016-12-29 21:55:00,1.0531,1.05351,1.05301,1.05338
2016-12-29 22:00:00,1.05339,1.05372,1.05315,1.05359
2016-12-29 22:05:00,1.05359,1.05359,1.05296,1.05305
2016-12-29 22:10:00,1.05306,1.05327,1.05299,1.05325
2016-12-29 22:15:00,1.05331,1.05335,1.05272,1.05284
2016-12-29 22:20:00,1.05284,1.05302,1.0524,1.05268
2016-12-29 22:25:00,1.05269,1.05269,1.05219,1.05226
2016-12-29 22:30:00,1.05226,1.0524,1.05217,1.05217
2016-12-29 22:35:00,1.05217,1.05245,1.05204,1.05237
2016-12-29 22:40:00,1.05241,1.05281,1.05225,1.05254
2016-12-29 22:45:00,1.05254,1.05278,1.05247,1.05277
2016-12-29 22:50:00,1.0528,1.053,1.05276,1.05285
2016-12-29 22:55:00,1.05284,1.05307,1.05258,1.05294
2016-12-29 23:00:00,1.05296,1.05321,1.05285,1.05288
2016-12-29 23:05:00,1.0529,1.05295,1.05219,1.05233
2016-12-29 23:10:00,1.05235,1.05263,1.05217,1.05261
2016-12-29 23:15:00,1.05261,1.05266,1.05232,1.05245
2016-12-29 23:20:00,1.05244,1.05283,1.05236,1.05281
2016-12-29 23:25:00,1.0528,1.05301,1.05271,1.05292
2016-12-29 23:30:00,1.05291,1.05332,1.0528,1.05309
2016-12-29 23:35:00,1.05307,1.05314,1.05283,1.05306
2016-12-29 23:40:00,1.05304,1.05309,1.0525,1.05286
2016-12-29 23:45:00,1.05283,1.05312,1.05276,1.053
2016-12-29 23:50:00,1.05301,1.05305,1.05241,1.05246
2016-12-29 23:55:00,1.05245,1.05296,1.05245,1.05291
2016-12-30 00:00:00,1.0529,1.05325,1.05282,1.05288
2016-12-30 00:05:00,1.05287,1.05306,1.0528,1.05295
2016-12-30 00:10:00,1.05296,1.05332,1.05296,1.05301
2016-12-30 00:15:00,1.05301,1.05323,1.05297,1.05322
2016-12-30 00:20:00,1.05323,1.05349,1.05316,1.05346
2016-12-30 00:25:00,1.05347,1.05348,1.053,1.053
2016-12-30 00:30:00,1.05301,1.05328,1.05296,1.05327
2016-12-30 00:35:00,1.05328,1.05335,1.05301,1.05301
2016-12-30 00:40:00,1.05301,1.05341,1.05301,1.05328
2016-12-30 00:45:00,1.05335,1.05342,1.05316,1.05321
2016-12-30 00:50:00,1.0532,1.05392,1.05312,1.05376
2016-12-30 00:55:00,1.05374,1.05385,1.05358,1.0536
2016-12-30 01:00:00,1.05359,1.05394,1.05359,1.05375
2016-12-30 01:05:00,1.0538,1.05416,1.05378,1.05389
2016-12-30 01:10:00,1.0539,1.05441,1.05389,1.05436
2016-12-30 01:15:00,1.05436,1.05436,1.05405,1.05409
2016-12-30 01:20:00,1.0541,1.0541,1.05379,1.0538
2016-12-30 01:25:00,1.0538,1.054,1.05365,1.05399
2016-12-30 01:30:00,1.054,1.05465,1.05373,1.05397
2016-12-30 01:35:00,1.05402,1.05412,1.05366,1.05388
2016-12-30 01:40:00,1.05387,1.05392,1.05308,1.05315
2016-12-30 01:45:00,1.05314,1.05319,1.05222,1.05243
2016-12-30 01:50:00,1.05243,1.05255,1.05243,1.05247
2016-12-30 01:55:00,1.05246,1.05264,1.05241,1.05256
2016-12-30 02:00:00,1.05258,1.05322,1.05251,1.05304
2016-12-30 02:05:00,1.05305,1.05338,1.05298,1.0532
2016-12-30 02:10:00,1.05325,1.0533,1.05293,1.05316
2016-12-30 02:15:00,1.05319,1.05361,1.05304,1.05342
2016-12-30 02:20:00,1.05345,1.05359,1.05283,1.05283
2016-12-30 02:25:00,1.05281,1.05292,1.05249,1.05258
2016-12-30 02:30:00,1.05257,1.0529,1.05239,1.05246
2016-12-30 02:35:00,1.05245,1.05288,1.05234,1.05256
2016-12-30 02:40:00,1.05257,1.05264,1.05204,1.05219
2016-12-30 02:45:00,1.05218,1.05223,1.05116,1.05118
2016-12-30 02:50:00,1.05119,1.05137,1.05074,1.05103
2016-12-30 02:55:00,1.05104,1.05121,1.05056,1.0507
2016-12-30 03:00:00,1.05069,1.05133,1.05066,1.0509
2016-12-30 03:05:00,1.05089,1.05122,1.05086,1.05097
2016-12-30 03:10:00,1.05096,1.05156,1.05084,1.05152
2016-12-30 03:15:00,1.05154,1.05168,1.05109,1.05115
2016-12-30 03:20:00,1.05115,1.05149,1.05094,1.05105
2016-12-30 03:25:00,1.05106,1.05173,1.05094,1.05171
2016-12-30 03:30:00,1.05167,1.05195,1.05158,1.05178
2016-12-30 03:35:00,1.05177,1.05222,1.05177,1.05204
2016-12-30 03:40:00,1.05205,1.0523,1.05191,1.05219
2016-12-30 03:45:00,1.05217,1.05254,1.05204,1.05224
2016-12-30 03:50:00,1.05223,1.05282,1.05213,1.05273
2016-12-30 03:55:00,1.05269,1.05272,1.05201,1.05214
2016-12-30 04:00:00,1.05215,1.05386,1.05207,1.05342
2016-12-30 04:05:00,1.05344,1.05377,1.05305,1.0535
2016-12-30 04:10:00,1.05347,1.05361,1.05327,1.05337
2016-12-30 04:15:00,1.05337,1.05595,1.05319,1.05595
2016-12-30 04:20:00,1.05598,1.05607,1.05482,1.05555
2016-12-30 04:25:00,1.05553,1.05553,1.05473,1.05495
2016-12-30 04:30:00,1.05497,1.0564,1.05469,1.05591
2016-12-30 04:35:00,1.05592,1.05618,1.05529,1.05534
2016-12-30 04:40:00,1.05536,1.05592,1.05521,1.05552
2016-12-30 04:45:00,1.05553,1.05662,1.05543,1.05617
2016-12-30 04:50:00,1.05618,1.05685,1.05615,1.05674
2016-12-30 04:55:00,1.05673,1.05914,1.0564,1.05888
2016-12-30 05:00:00,1.05887,1.05902,1.05807,1.05814
2016-12-30 05:05:00,1.05814,1.05817,1.05733,1.0575
2016-12-30 05:10:00,1.05747,1.05785,1.05682,1.05688
2016-12-30 05:15:00,1.0569,1.05693,1.05634,1.05689
2016-12-30 05:20:00,1.0569,1.05691,1.05616,1.05638
2016-12-30 05:25:00,1.05639,1.05641,1.05548,1.05549
2016-12-30 05:30:00,1.05549,1.05579,1.0551,1.05575
2016-12-30 05:35:00,1.05576,1.05674,1.05564,1.05586
2016-12-30 05:40:00,1.05586,1.05603,1.0557,1.05596
2016-12-30 05:45:00,1.05594,1.05603,1.05553,1.05559
2016-12-30 05:50:00,1.05558,1.05575,1.05528,1.05531
2016-12-30 05:55:00,1.05532,1.05535,1.05439,1.05472
2016-12-30 06:00:00,1.05474,1.05474,1.05397,1.05426
2016-12-30 06:05:00,1.05427,1.0547,1.05418,1.05439
2016-12-30 06:10:00,1.05437,1.05438,1.05402,1.05406
2016-12-30 06:15:00,1.05406,1.05493,1.054,1.05456
2016-12-30 06:20:00,1.05455,1.05484,1.05419,1.05423
2016-12-30 06:25:00,1.05425,1.05526,1.05425,1.05499
2016-12-30 06:30:00,1.05497,1.0551,1.05489,1.05509
2016-12-30 06:35:00,1.05506,1.05564,1.05487,1.0556
2016-12-30 06:40:00,1.05565,1.05614,1.05564,1.05587
2016-12-30 06:45:00,1.05588,1.05609,1.05551,1.05554
2016-12-30 06:50:00,1.05552,1.05575,1.05533,1.0555
2016-12-30 06:55:00,1.0555,1.05612,1.0553,1.05593
2016-12-30 07:00:00,1.05594,1.05597,1.05554,1.05558
2016-12-30 07:05:00,1.05556,1.05676,1.05549,1.05654
2016-12-30 07:10:00,1.05656,1.05708,1.05647,1.0567
2016-12-30 07:15:00,1.05672,1.05689,1.05539,1.05557
2016-12-30 07:20:00,1.05558,1.0557,1.05502,1.05513
2016-12-30 07:25:00,1.05513,1.05518,1.05473,1.05502
2016-12-30 07:30:00,1.05503,1.05504,1.05448,1.05476
2016-12-30 07:35:00,1.05478,1.05506,1.05442,1.05469
2016-12-30 07:40:00,1.0547,1.05531,1.0546,1.0553
2016-12-30 07:45:00,1.05531,1.05541,1.05477,1.05486
2016-12-30 07:50:00,1.05486,1.05496,1.05456,1.05466
2016-12-30 07:55:00,1.05469,1.05471,1.05358,1.05378
2016-12-30 08:00:00,1.05383,1.05386,1.05348,1.0536
2016-12-30 08:05:00,1.05359,1.05395,1.05354,1.05382
2016-12-30 08:10:00,1.05382,1.05437,1.05379,1.05405
2016-12-30 08:15:00,1.05409,1.05414,1.05361,1.05401
2016-12-30 08:20:00,1.05398,1.05456,1.05392,1.05454
2016-12-30 08:25:00,1.05451,1.05452,1.05402,1.05416
2016-12-30 08:30:00,1.05416,1.05434,1.05397,1.05398
2016-12-30 08:35:00,1.054,1.05432,1.05377,1.05429
2016-12-30 08:40:00,1.05429,1.05528,1.05419,1.05528
2016-12-30 08:45:00,1.05527,1.05537,1.0543,1.05438
2016-12-30 08:50:00,1.05438,1.0549,1.05404,1.05421
2016-12-30 08:55:00,1.05424,1.05441,1.05397,1.05435
2016-12-30 09:00:00,1.05437,1.05437,1.0535,1.05402
2016-12-30 09:05:00,1.05404,1.05495,1.05397,1.05483
2016-12-30 09:10:00,1.0548,1.05483,1.05422,1.05459
2016-12-30 09:15:00,1.05459,1.05526,1.05455,1.05491
2016-12-30 09:20:00,1.0549,1.05523,1.05478,1.055
2016-12-30 09:25:00,1.05501,1.05501,1.05357,1.05363
2016-12-30 09:30:00,1.05365,1.05403,1.05297,1.05304
2016-12-30 09:35:00,1.05302,1.05335,1.05251,1.05312
2016-12-30 09:40:00,1.05313,1.0539,1.05305,1.05387
2016-12-30 09:45:00,1.05388,1.05437,1.05377,1.0542
2016-12-30 09:50:00,1.05419,1.05513,1.05407,1.05501
2016-12-30 09:55:00,1.05499,1.0552,1.05477,1.055
2016-12-30 10:00:00,1.05498,1.05498,1.05436,1.05467
2016-12-30 10:05:00,1.05468,1.05615,1.05466,1.05554
2016-12-30 10:10:00,1.05553,1.05589,1.05503,1.0551
2016-12-30 10:15:00,1.05511,1.05586,1.05503,1.05569
2016-12-30 10:20:00,1.05569,1.05671,1.05566,1.05611
2016-12-30 10:25:00,1.0561,1.05667,1.05597,1.05652
2016-12-30 10:30:00,1.05654,1.0567,1.05609,1.0566
2016-12-30 10:35:00,1.05661,1.05676,1.05608,1.05612
2016-12-30 10:40:00,1.05614,1.0576,1.05614,1.0576
2016-12-30 10:45:00,1.0576,1.05773,1.05742,1.05754
2016-12-30 10:50:00,1.05753,1.05754,1.05606,1.05622
2016-12-30 10:55:00,1.05621,1.05688,1.0538,1.05478
2016-12-30 11:00:00,1.05474,1.05565,1.05433,1.0552
2016-12-30 11:05:00,1.05521,1.0557,1.0547,1.05556
2016-12-30 11:10:00,1.05555,1.05586,1.05528,1.05569
2016-12-30 11:15:00,1.05568,1.05621,1.05544,1.0561
2016-12-30 11:20:00,1.05612,1.05644,1.0558,1.0558
2016-12-30 11:25:00,1.05579,1.05602,1.05561,1.05563
2016-12-30 11:30:00,1.0556,1.05572,1.05532,1.05543
2016-12-30 11:35:00,1.05544,1.05557,1.05517,1.05546
2016-12-30 11:40:00,1.05544,1.05594,1.05534,1.05573
2016-12-30 11:45:00,1.05572,1.05582,1.05536,1.0556
2016-12-30 11:50:00,1.05561,1.05576,1.05521,1.05536
2016-12-30 11:55:00,1.05537,1.05552,1.05516,1.05516
2016-12-30 12:00:00,1.05513,1.0554,1.05509,1.05531
2016-12-30 12:05:00,1.0553,1.05536,1.05498,1.05503
2016-12-30 12:10:00,1.05503,1.05526,1.05481,1.05499
2016-12-30 12:15:00,1.055,1.05511,1.05438,1.05461
2016-12-30 12:20:00,1.05459,1.05459,1.05387,1.05413
2016-12-30 12:25:00,1.05411,1.05411,1.05375,1.0538
2016-12-30 12:30:00,1.05379,1.05423,1.05379,1.05401
2016-12-30 12:35:00,1.05404,1.05436,1.05376,1.05382
2016-12-30 12:40:00,1.0538,1.05406,1.0534,1.05353
2016-12-30 12:45:00,1.05353,1.05375,1.05318,1.05352
2016-12-30 12:50:00,1.05351,1.05366,1.05332,1.05333
2016-12-30 12:55:00,1.05332,1.05462,1.05288,1.05462
2016-12-30 13:00:00,1.05467,1.05472,1.05321,1.05325
2016-12-30 13:05:00,1.05324,1.05367,1.05292,1.0531
2016-12-30 13:10:00,1.05309,1.05342,1.05296,1.05335
2016-12-30 13:15:00,1.05336,1.05342,1.05315,1.05328
2016-12-30 13:20:00,1.05327,1.05347,1.05323,1.05328
2016-12-30 13:25:00,1.05332,1.05335,1.05278,1.05283
2016-12-30 13:30:00,1.05284,1.05307,1.05265,1.05294
2016-12-30 13:35:00,1.05283,1.05316,1.05279,1.05289
2016-12-30 13:40:00,1.05288,1.05319,1.05277,1.05306
2016-12-30 13:45:00,1.05305,1.05322,1.05278,1.05293
2016-12-30 13:50:00,1.05293,1.05298,1.05253,1.05266
2016-12-30 13:55:00,1.05267,1.05309,1.05259,1.05269
2016-12-30 14:00:00,1.05268,1.053,1.05231,1.05248
2016-12-30 14:05:00,1.05251,1.05262,1.05241,1.05262
2016-12-30 14:10:00,1.05264,1.05275,1.05247,1.05263
2016-12-30 14:15:00,1.05264,1.05268,1.05231,1.05264
2016-12-30 14:20:00,1.05261,1.05266,1.05239,1.05244
2016-12-30 14:25:00,1.05245,1.05256,1.0524,1.05251
2016-12-30 14:30:00,1.05251,1.05305,1.05245,1.05305
2016-12-30 14:35:00,1.05303,1.05322,1.05295,1.05315
2016-12-30 14:40:00,1.05311,1.05311,1.05284,1.05284
2016-12-30 14:45:00,1.05284,1.0531,1.0527,1.05277
2016-12-30 14:50:00,1.05276,1.05291,1.0526,1.05261
2016-12-30 14:55:00,1.05262,1.05358,1.05262,1.05342
2016-12-30 15:00:00,1.05344,1.05347,1.05297,1.05315
2016-12-30 15:05:00,1.05312,1.05316,1.05301,1.05313
2016-12-30 15:10:00,1.05317,1.05334,1.05307,1.05319
2016-12-30 15:15:00,1.05318,1.05323,1.05298,1.05299
2016-12-30 15:20:00,1.05299,1.05321,1.05299,1.05319
2016-12-30 15:25:00,1.05318,1.0532,1.05277,1.05297
2016-12-30 15:30:00,1.05297,1.05299,1.05265,1.05293
2016-12-30 15:35:00,1.05294,1.05346,1.05288,1.05336
2016-12-30 15:40:00,1.05336,1.05362,1.05326,1.05362
2016-12-30 15:45:00,1.05357,1.05361,1.05336,1.05343
2016-12-30 15:50:00,1.05344,1.05376,1.0533,1.05356
2016-12-30 15:55:00,1.05357,1.05358,1.05237,1.05244
2016-12-30 16:00:00,1.05247,1.0525,1.05227,1.05233
2016-12-30 16:05:00,1.05233,1.05238,1.05201,1.05203
2016-12-30 16:10:00,1.05202,1.05211,1.05176,1.05178
2016-12-30 16:15:00,1.05179,1.05186,1.0514,1.05143
2016-12-30 16:20:00,1.05143,1.05198,1.05139,1.0519
2016-12-30 16:25:00,1.05189,1.05198,1.05172,1.05187
2016-12-30 16:30:00,1.05191,1.05191,1.05167,1.05172
2016-12-30 16:35:00,1.05171,1.05191,1.05167,1.05172
2016-12-30 16:40:00,1.05171,1.05172,1.05139,1.0515
2016-12-30 16:45:00,1.05147,1.05172,1.05123,1.0517
2016-12-30 16:50:00,1.05166,1.05184,1.05143,1.05174
2016-12-30 16:55:00,1.05175,1.05334,1.05127,1.05213
